username,name,group
carolyn.anderson,Carolyn Anderson,Admin
jack.scott,Jack Scott,Sales
mark.moore,Mark Moore,Engineering
gregory.patel,Gregory Patel,Engineering
samantha.diaz,Samantha Diaz,Admin
patricia.lopez,Patricia Lopez,Sales
sandra.cook,Sandra Cook,Admin
frances.sanchez,Frances Sanchez,Finance
mark.edwards,Mark Edwards,Support
james.ross,James Ross,Marketing
heather.diaz,Heather Diaz,HR
ruth.martin,Ruth Martin,Sales
victoria.baker,Victoria Baker,Engineering
barbara.carter,Barbara Carter,Engineering
kimberly.hall,Kimberly Hall,Support
jennifer.sanders,Jennifer Sanders,Operations
jonathan.thomas,Jonathan Thomas,Finance
david.peterson,David Peterson,Support
benjamin.richardson,Benjamin Richardson,HR
christine.harris,Christine Harris,Engineering
jennifer.james,Jennifer James,Sales
jerry.nguyen,Jerry Nguyen,Engineering
sandra.gonzalez,Sandra Gonzalez,Finance
ruth.collins,Ruth Collins,HR
christopher.mitchell,Christopher Mitchell,HR
anthony.bennett,Anthony Bennett,Support
heather.mendoza,Heather Mendoza,Engineering
debra.brooks,Debra Brooks,Marketing
jonathan.sanders,Jonathan Sanders,Sales
christopher.reyes,Christopher Reyes,Finance
paul.brooks,Paul Brooks,Sales
maria.adams,Maria Adams,Admin
sandra.jones,Sandra Jones,HR
amy.wright,Amy Wright,Engineering
helen.reed,Helen Reed,HR
helen.wood,Helen Wood,Operations
ronald.chavez,Ronald Chavez,Operations
charles.king,Charles King,Marketing
donna.myers,Donna Myers,Support
joyce.howard,Joyce Howard,Finance
justin.phillips,Justin Phillips,HR
mark.moore2,Mark Moore,Operations
barbara.long,Barbara Long,Admin
joseph.martin,Joseph Martin,Marketing
maria.diaz,Maria Diaz,Engineering
dorothy.carter,Dorothy Carter,Operations
janet.allen,Janet Allen,Admin
maria.castillo,Maria Castillo,Engineering
maria.morgan,Maria Morgan,Support
jerry.chavez,Jerry Chavez,HR
joseph.nguyen,Joseph Nguyen,Finance
christopher.collins,Christopher Collins,Admin
patrick.castillo,Patrick Castillo,Support
nicholas.ross,Nicholas Ross,Marketing
nicholas.wilson,Nicholas Wilson,Support
carolyn.cook,Carolyn Cook,Sales
karen.mitchell,Karen Mitchell,Marketing
catherine.jimenez,Catherine Jimenez,Admin
scott.adams,Scott Adams,Operations
john.anderson,John Anderson,HR
michelle.walker,Michelle Walker,Admin
donald.reed,Donald Reed,Engineering
david.sanders,David Sanders,Operations
william.ross,William Ross,Marketing
thomas.james,Thomas James,Operations
stephen.perez,Stephen Perez,Support
janet.cox,Janet Cox,Finance
helen.cooper,Helen Cooper,Sales
diane.flores,Diane Flores,Finance
virginia.wood,Virginia Wood,HR
jeffrey.gutierrez,Jeffrey Gutierrez,Operations
jessica.young,Jessica Young,Sales
william.baker,William Baker,Admin
samantha.peterson,Samantha Peterson,Sales
samantha.lewis,Samantha Lewis,Admin
elizabeth.price,Elizabeth Price,Admin
sandra.rodriguez,Sandra Rodriguez,Admin
kevin.martinez,Kevin Martinez,Sales
ruth.bennett,Ruth Bennett,Operations
helen.cooper2,Helen Cooper,Marketing
patrick.kelly,Patrick Kelly,Operations
donna.stewart,Donna Stewart,Finance
matthew.gonzalez,Matthew Gonzalez,Engineering
frank.parker,Frank Parker,HR
jason.evans,Jason Evans,Operations
julie.miller,Julie Miller,Engineering
linda.phillips,Linda Phillips,HR
susan.young,Susan Young,Sales
matthew.morgan,Matthew Morgan,Operations
sarah.diaz,Sarah Diaz,Marketing
ruth.reyes,Ruth Reyes,Sales
elizabeth.cruz,Elizabeth Cruz,Engineering
michael.wood,Michael Wood,Admin
barbara.long2,Barbara Long,Sales
nancy.evans,Nancy Evans,Operations
olivia.ramirez,Olivia Ramirez,Finance
linda.perez,Linda Perez,Finance
james.roberts,James Roberts,Support
ryan.torres,Ryan Torres,Finance
heather.sanders,Heather Sanders,Operations
